ID,MID,WILAYAH,CHANNEL
,201030897,WMD,PPP
,201030905,WMD,PPP
,201030913,WMD,PPP
,201030921,WMD,PPP
,201030939,WMD,PPP
,201030947,WMD,PPP
,201030954,WMD,PPP
,201030962,WMD,PPP
,201030970,WMD,PPP
,201030988,WMD,PPP
,201030996,WMD,PPP
,201031002,WMD,PPP
,201031010,WMD,PPP
,201031028,WMD,PPP
,201031036,WMD,PPP
,201031044,WMD,PPP
,201031051,WMD,PPP
,201031069,WMD,PPP
,201031077,WMD,PPP
,201031085,WMD,PDP
,201031093,WMD,PDP
,201031101,WMD,PDP
,201031119,WMD,PDP
,201031127,WMD,PDP
,201031135,WMD,PDP
,201031143,WMD,PDP
,201031150,WMD,PDP
,201031168,WMD,PDP
,201031176,WMD,PDP
,201031184,WMD,PDP
,201031192,WMD,PDP
,201031200,WMD,PDP
,201031218,WMD,PDP
,201031226,WMD,PDP
,201031234,WMD,PDP
,201031242,WMD,PDP
,201031259,WMD,PDP
,201031267,WMD,PDP
,201031275,WMD,PDP
,201031283,WMD,PDP
,201031291,WMD,PDP
,201031309,WMD,PDP
,201031317,WMD,PDP
,201031325,WMD,PDP
,201031333,WMD,PDP
,201031341,WMD,PDP
,201031358,WMD,PDP
,201031366,WMD,PDP
,201031374,WMD,PDP
,201031382,WMD,PDP
,201031390,WMD,PDP
,201031408,WMD,PDP
,201031416,WMD,PDP
,201031424,WMD,PDP
,201031432,WMD,PDP
,201031440,WMD,PDP
,201031457,WMD,PDP
,201031465,WMD,PDP
,201031473,WMD,PDP
,201031481,WMD,PDP
,201031499,WMD,PDP
,201031507,WMD,PDP
,201031515,WMD,PDP
,201031523,WMD,PDP
,201031531,WMD,PDP
,201031549,WMD,PDP
,201031556,WMD,PDP
,201031564,WMD,PDP
,201031572,WMD,PDP
,201031580,WMD,PDP
,201031598,WMD,PDP
,201031606,WMD,PDP
,201031614,WMD,PDP
,201031622,WMD,PDP
,201031630,WMD,PDP
,201031648,WMD,PDP
,201031655,WMD,PDP
,201031663,WMD,PDP
,201031671,WMD,PDP
,201031689,WMD,PDP
,201031697,WMD,PDP
,201031705,WMD,PDP
,201031713,WMD,PDP
,201031721,WMD,PDP
,201031739,WMD,PDP
,201031747,WMD,PDP
,201031754,WMD,PDP
,201031762,WMD,EXH
,201031770,WMD,EXH
,201031788,WMD,EXH
,201031796,WMD,EXH
,201031804,WMD,EXH
,201031812,WMD,EXH
,201031820,WMD,EXH
,201031838,WMD,EXH
,203161138,WPL,EXH
,203161146,WPL,EXH
,203161153,WPL,EXH
,203161161,WPL,EXH
,203161179,WPL,EXH
,203161187,WPL,EXH
,203161195,WPL,EXH
,203161203,WPL,EXH
,203161211,WPL,EXH
,203161229,WPL,EXH
,203161237,WPL,EXH
,203161245,WPL,EXH
,203161252,WPL,EXH
,203161260,WPL,EXH
,203161278,WPL,EXH
,203161286,WPL,EXH
,203161294,WPL,EXH
,203161302,WPL,EXH
,203161310,WPL,EXH
,203161328,WPL,EXH
,203161336,WPL,EXH
,203161344,WPL,EXH
,203161351,WPL,EXH
,203161369,WPL,EXH
,203161377,WPL,EXH
,203161385,WPL,EXH
,203161393,WPL,EXH
,203161401,WPL,EXH
,203161419,WPL,EXH
,203161427,WPL,EXH
,203161435,WPL,EXH
,203161443,WPL,PPP
,203161450,WPL,PPP
,203161468,WPL,PPP
,203161476,WPL,PPP
,203161484,WPL,PPP
,203161492,WPL,PPP
,203161500,WPL,PPP
,203161518,WPL,PPP
,203161526,WPL,PPP
,203161534,WPL,PPP
,203161542,WPL,PPP
,203161559,WPL,PPP
,203161567,WPL,PPP
,203161575,WPL,PPP
,203161583,WPL,PPP
,203161591,WPL,PPP
,203161609,WPL,PPP
,203161617,WPL,PPP
,203161625,WPL,PPP
,203161633,WPL,PPP
,203161641,WPL,PPP
,203161658,WPL,PPP
,203161666,WPL,PPP
,203161674,WPL,PPP
,203161682,WPL,PPP
,203161690,WPL,PPP
,203161708,WPL,PPP
,203161716,WPL,PPP
,203161724,WPL,PPP
,203161732,WPL,PPP
,203161740,WPL,PPP
,203161757,WPL,PPP
,203161765,WPL,PPP
,203161773,WPL,PPP
,203161781,WPL,PPP
,203161799,WPL,PPP
,203161807,WPL,PPP
,203161815,WPL,PPP
,203161823,WPL,PPP
,203161831,WPL,PPP
,203161849,WPL,PPP
,203161856,WPL,PPP
,203161864,WPL,PPP
,203161872,WPL,PPP
,203161880,WPL,PPP
,203161898,WPL,PPP
,203161906,WPL,PPP
,203161914,WPL,PPP
,203161922,WPL,PPP
,203161930,WPL,PPP
,203161948,WPL,PPP
,203161955,WPL,PPP
,203161963,WPL,PPP
,203161971,WPL,PPP
,203161989,WPL,PPP
,203161997,WPL,PPP
,203162003,WPL,PPP
,203162011,WPL,PPP
,203162029,WPL,PPP
,203162037,WPL,PPP
,203162045,WPL,PPP
,203162052,WPL,PPP
,203162060,WPL,PPP
,203162078,WPL,PPP
,203162086,WPL,PPP
,203162094,WPL,PPP
,203162102,WPL,PPP
,203162110,WPL,PPP
,203162128,WPL,PPP
,203162136,WPL,PPP
,203162144,WPL,PPP
,203162151,WPL,PPP
,203162169,WPL,PPP
,203162177,WPL,PPP
,203162185,WPL,PPP
,203162193,WPL,PPP
,203162201,WPL,PPP
,203162219,WPL,PPP
,203162227,WPL,PPP
,203162235,WPL,PPP
,203162243,WPL,PPP
,203162250,WPL,PPP
,203162268,WPL,PPP
,203162276,WPL,PPP
,203162284,WPL,PPP
,203162292,WPL,PPP
,203162300,WPL,PPP
,203162318,WPL,PPP
,203162326,WPL,PPP
,203162334,WPL,PPP
,203162342,WPL,PPP
,203162359,WPL,PPP
,203162367,WPL,PPP
,203162375,WPL,PPP
,203162383,WPL,PPP
,203162391,WPL,PPP
,203162409,WPL,PPP
,203162417,WPL,PPP
,203162425,WPL,PPP
,203162433,WPL,PPP
,203162441,WPL,PPP
,203162458,WPL,PPP
,203162466,WPL,PPP
,203162474,WPL,PPP
,203162482,WPL,PPP
,203162490,WPL,PPP
,203162508,WPL,PPP
,203162516,WPL,PPP
,203162524,WPL,PPP
,203162532,WPL,PPP
,203162540,WPL,PPP
,203162557,WPL,PPP
,203162565,WPL,PPP
,203162573,WPL,PPP
,203162581,WPL,PPP
,203162599,WPL,PPP
,203162607,WPL,PPP
,203162615,WPL,PPP
,203162623,WPL,PPP
,203162631,WPL,PPP
,203162649,WPL,PPP
,203162656,WPL,PPP
,203162664,WPL,PPP
,203162672,WPL,PPP
,203162680,WPL,PPP
,203162698,WPL,PPP
,203162706,WPL,PPP
,203162714,WPL,PPP
,203162722,WPL,PPP
,203162730,WPL,PPP
,203162748,WPL,PPP
,203162755,WPL,PPP
,203162763,WPL,PPP
,203162771,WPL,PPP
,203162789,WPL,PPP
,203162797,WPL,PPP
,203162805,WPL,PPP
,203162813,WPL,PPP
,203162821,WPL,PPP
,203162839,WPL,PPP
,203162847,WPL,PPP
,203162854,WPL,PPP
,203162862,WPL,PPP
,203162870,WPL,PPP
,203162888,WPL,PPP
,203162896,WPL,PPP
,203162904,WPL,PPP
,203162912,WPL,PPP
,203162920,WPL,PPP
,203162938,WPL,PPP
,203162946,WPL,PPP
,203162953,WPL,PPP
,203162961,WPL,PPP
,203162979,WPL,PPP
,203162987,WPL,PPP
,203162995,WPL,PPP
,203163001,WPL,PPP
,203163019,WPL,PPP
,203163027,WPL,PPP
,203163035,WPL,PPP
,203163043,WPL,PPP
,203163050,WPL,PPP
,203163068,WPL,PPP
,203163076,WPL,PPP
,203163084,WPL,PPP
,203163092,WPL,PPP
,203163100,WPL,PPP
,203163118,WPL,PPP
,203163126,WPL,PPP
,203163134,WPL,PPP
,203163142,WPL,PPP
,203163159,WPL,PPP
,203163167,WPL,PPP
,203163175,WPL,PPP
,203163183,WPL,PPP
,203163191,WPL,PPP
,203163209,WPL,PPP
,203163217,WPL,PPP
,203163225,WPL,PPP
,203163233,WPL,PPP
,203163241,WPL,PPP
,203163258,WPL,PPP
,203163266,WPL,PPP
,203163274,WPL,PPP
,203163282,WPL,PPP
,203163290,WPL,PPP
,203163308,WPL,PPP
,203163316,WPL,PPP
,203163324,WPL,PPP
,203163332,WPL,PPP
,203163340,WPL,PPP
,203163357,WPL,PPP
,203163365,WPL,PPP
,203163373,WPL,PPP
,203163381,WPL,PPP
,203163399,WPL,PPP
,203163407,WPL,PPP
,203163415,WPL,PPP
,203163423,WPL,PPP
,203163431,WPL,PPP
,203163449,WPL,PPP
,203163456,WPL,PPP
,203163464,WPL,PPP
,203163472,WPL,PPP
,203163480,WPL,PPP
,203163498,WPL,PPP
,203163506,WPL,PPP
,203163514,WPL,PPP
,203163522,WPL,PPP
,203163530,WPL,PPP
,203163548,WPL,PPP
,203163555,WPL,PPP
,203163563,WPL,PPP
,203163571,WPL,PPP
,203163589,WPL,PPP
,203163597,WPL,PPP
,203163605,WPL,PPP
,203163613,WPL,PPP
,203163621,WPL,PPP
,203163639,WPL,PPP
,203163647,WPL,PPP
,203163654,WPL,PPP
,203163662,WPL,PPP
,203163670,WPL,PPP
,203163688,WPL,PPP
,203163696,WPL,PPP
,203163704,WPL,PPP
,203163712,WPL,PPP
,203163720,WPL,PPP
,203163738,WPL,PPP
,203163746,WPL,PPP
,203163753,WPL,PPP
,203163761,WPL,PPP
,203163779,WPL,PPP
,203163787,WPL,PPP
,203163795,WPL,PPP
,203163803,WPL,PPP
,203163811,WPL,PPP
,203163829,WPL,PPP
,203163837,WPL,PPP
,203163845,WPL,PPP
,203163852,WPL,PPP
,203163860,WPL,PPP
,203163878,WPL,PPP
,203163886,WPL,PPP
,203163894,WPL,PPP
,203163902,WPL,PPP
,203163910,WPL,PPP
,203163928,WPL,PPP
,203163936,WPL,PPP
,203163944,WPL,PPP
,203163951,WPL,PPP
,203163969,WPL,PPP
,203163977,WPL,PPP
,203163985,WPL,PPP
,203163993,WPL,PPP
,203164009,WPL,PPP
,203164017,WPL,PPP
,203164025,WPL,PPP
,203164033,WPL,PPP
,203164041,WPL,PPP
,203164058,WPL,PPP
,203164066,WPL,PPP
,203164074,WPL,PPP
,203164082,WPL,PPP
,203164090,WPL,PPP
,203164108,WPL,PPP
,203164116,WPL,PPP
,203164124,WPL,PPP
,203164132,WPL,PPP
,203164140,WPL,PPP
,203164157,WPL,PPP
,203164165,WPL,PPP
,203164173,WPL,PPP
,203164181,WPL,PPP
,203164199,WPL,PPP
,203164207,WPL,PPP
,203164215,WPL,PPP
,203164223,WPL,PPP
,203164231,WPL,PPP
,203164249,WPL,PPP
,203164256,WPL,PPP
,203164264,WPL,PPP
,203164272,WPL,PPP
,203164280,WPL,PPP
,203164298,WPL,PPP
,203164306,WPL,PPP
,203164314,WPL,PPP
,203164322,WPL,PPP
,203164330,WPL,PPP
,203164348,WPL,PPP
,203164355,WPL,PPP
,203164363,WPL,PPP
,203164371,WPL,PPP
,203164389,WPL,PPP
,203164397,WPL,PPP
,203164405,WPL,PPP
,203164413,WPL,PPP
,203164421,WPL,PPP
,203164439,WPL,PPP
,203164447,WPL,PPP
,203164454,WPL,PPP
,203164462,WPL,PPP
,203164470,WPL,PPP
,203164488,WPL,PPP
,203164496,WPL,PPP
,203164504,WPL,PPP
,203164512,WPL,PPP
,203164520,WPL,PPP
,203164538,WPL,PPP
,203164546,WPL,PPP
,203164553,WPL,PPP
,203164561,WPL,PPP
,203164579,WPL,PPP
,203164587,WPL,PPP
,203164595,WPL,PPP
,203164603,WPL,PPP
,203164611,WPL,PPP
,203164629,WPL,PPP
,203164637,WPL,PPP
,203164645,WPL,PPP
,203164652,WPL,PPP
,203164660,WPL,PPP
,203164678,WPL,PPP
,203164686,WPL,PPP
,203164694,WPL,PPP
,203164702,WPL,PPP
,203164710,WPL,PPP
,203164728,WPL,PPP
,203164736,WPL,PPP
,203164744,WPL,PPP
,203164751,WPL,PPP
,203164769,WPL,PPP
,203164777,WPL,PPP
,203164785,WPL,PPP
,203164793,WPL,PPP
,203164801,WPL,PPP
,203164819,WPL,PPP
,203164827,WPL,PPP
,203164835,WPL,PPP
,203164843,WPL,PPP
,203164850,WPL,PPP
,203164868,WPL,PPP
,203164876,WPL,PPP
,203164884,WPL,PPP
,203164892,WPL,PPP
,203164900,WPL,PPP
,203164918,WPL,PPP
,203164926,WPL,PPP
,203164934,WPL,PPP
,203164942,WPL,PPP
,203164959,WPL,PPP
,203164967,WPL,PPP
,203164975,WPL,PPP
,203164983,WPL,PPP
,203164991,WPL,PPP
,203165006,WPL,PPP
,203165014,WPL,PPP
,203165022,WPL,PPP
,203165030,WPL,PPP
,203165048,WPL,PPP
,203165055,WPL,PPP
,203165063,WPL,PPP
,203165071,WPL,PPP
,203165089,WPL,PPP
,203165097,WPL,PPP
,203165105,WPL,PPP
,203165113,WPL,PPP
,203165121,WPL,PPP
,203165139,WPL,PPP
,203165147,WPL,PPP
,203165154,WPL,PPP
,203165162,WPL,PPP
,203165170,WPL,PPP
,203165188,WPL,PPP
,203165196,WPL,PPP
,203165204,WPL,PPP
,203165212,WPL,PPP
,203165220,WPL,PPP
,203165238,WPL,PPP
,203165246,WPL,PPP
,203165253,WPL,PPP
,203165261,WPL,PPP
,203165279,WPL,PPP
,203165287,WPL,PPP
,203165295,WPL,PPP
,203165303,WPL,PPP
,203165311,WPL,PPP
,203165329,WPL,PPP
,203165337,WPL,PPP
,203165345,WPL,PPP
,203165352,WPL,PPP
,203165360,WPL,PPP
,203165378,WPL,PPP
,203165386,WPL,PPP
,203165394,WPL,PPP
,203165402,WPL,PPP
,203165410,WPL,PPP
,203165428,WPL,PPP
,203165436,WPL,PPP
,203165444,WPL,PPP
,203165451,WPL,PPP
,203165469,WPL,PPP
,203165477,WPL,PPP
,203165485,WPL,PPP
,203165493,WPL,PPP
,203165501,WPL,PPP
,203165519,WPL,PPP
,203165527,WPL,PPP
,203165535,WPL,PPP
,203165543,WPL,PPP
,203165550,WPL,PPP
,203165568,WPL,PPP
,203165576,WPL,PPP
,203165584,WPL,PPP
,203165592,WPL,PPP
,203165600,WPL,PPP
,203165618,WPL,PPP
,203165626,WPL,PPP
,203165634,WPL,PPP
,203165642,WPL,PPP
,203165659,WPL,PPP
,203165667,WPL,PPP
,203165675,WPL,PPP
,203165683,WPL,PPP
,203165691,WPL,PPP
,203165709,WPL,PPP
,203165717,WPL,PPP
,203165725,WPL,PPP
,203165733,WPL,PPP
,203165741,WPL,PPP
,203165758,WPL,PPP
,203165766,WPL,PPP
,203165774,WPL,PPP
,203165782,WPL,PPP
,203165790,WPL,PPP
,203165808,WPL,PPP
,203165816,WPL,PPP
,203165824,WPL,PPP
,203165832,WPL,PPP
,203165840,WPL,PPP
,203165857,WPL,PPP
,203165865,WPL,PPP
,203165873,WPL,PPP
,203165881,WPL,PPP
,203165899,WPL,PPP
,203165907,WPL,PPP
,203165915,WPL,PPP
,203165923,WPL,PPP
,203165931,WPL,PPP
,203165949,WPL,PPP
,203165956,WPL,PPP
,203165964,WPL,PPP
,203165972,WPL,PPP
,203165980,WPL,PPP
,203165998,WPL,PPP
,203166004,WPL,PPP
,203166012,WPL,PPP
,203166020,WPL,PPP
,203166038,WPL,PPP
,203166046,WPL,PPP
,203166053,WPL,PPP
,203166061,WPL,PPP
,203166079,WPL,PPP
,203166087,WPL,PPP
,203166095,WPL,PPP
,203166103,WPL,PPP
,203166111,WPL,PPP
,203166129,WPL,PPP
,203166137,WPL,PPP
,204057103,WBN,PPP
,204166524,WBN,PPP
,204166532,WBN,PPP
,204166540,WBN,PPP
,204166557,WBN,PPP
,204166565,WBN,PPP
,204166573,WBN,PPP
,204166581,WBN,PPP
,204166599,WBN,PPP
,204166607,WBN,PPP
,204166615,WBN,PPP
,204166623,WBN,PPP
,204166631,WBN,PPP
,204166649,WBN,PPP
,204166656,WBN,PPP
,204166664,WBN,PPP
,204166672,WBN,PPP
,204166680,WBN,PPP
,204166698,WBN,PPP
,204166706,WBN,PPP
,204166714,WBN,PPP
,204166722,WBN,PPP
,204166730,WBN,PPP
,204166748,WBN,PPP
,204166755,WBN,PPP
,204166763,WBN,PPP
,204166771,WBN,PPP
,204166789,WBN,PPP
,204166797,WBN,PPP
,204166805,WBN,PPP
,204166813,WBN,PPP
,204166821,WBN,PPP
,204166839,WBN,PPP
,204166847,WBN,PPP
,204166854,WBN,PPP
,204166862,WBN,PPP
,204166870,WBN,PPP
,204166888,WBN,PPP
,204166896,WBN,PPP
,204166904,WBN,PPP
,204166912,WBN,PPP
,204166920,WBN,PPP
,204166938,WBN,PPP
,204166946,WBN,PPP
,204166953,WBN,PPP
,204166961,WBN,PPP
,204166979,WBN,PPP
,204166987,WBN,PPP
,204166995,WBN,PPP
,204167001,WBN,PPP
,204167019,WBN,PPP
,204167027,WBN,PPP
,204167035,WBN,PPP
,204167043,WBN,PPP
,204167050,WBN,PPP
,204167068,WBN,PPP
,204167076,WBN,PPP
,204167084,WBN,PPP
,204167092,WBN,PPP
,204167100,WBN,PPP
,204167118,WBN,PPP
,204167126,WBN,PPP
,204167134,WBN,PPP
,204167142,WBN,PPP
,204167159,WBN,PPP
,204167167,WBN,PPP
,204167175,WBN,PPP
,204167183,WBN,PPP
,204167191,WBN,PPP
,204167209,WBN,PPP
,204167217,WBN,PPP
,204167225,WBN,PPP
,204167233,WBN,PPP
,204167241,WBN,PPP
,204167258,WBN,PPP
,204167266,WBN,PPP
,204167274,WBN,PPP
,204167282,WBN,PPP
,204167290,WBN,PPP
,204167308,WBN,PPP
,204167316,WBN,PPP
,204167324,WBN,PPP
,204167332,WBN,PPP
,204167340,WBN,PPP
,204167357,WBN,PPP
,204167365,WBN,PPP
,204167373,WBN,PPP
,204167381,WBN,PPP
,204167399,WBN,PPP
,204167407,WBN,PPP
,204167415,WBN,PPP
,204167423,WBN,PPP
,204167431,WBN,PPP
,204167449,WBN,PPP
,204167456,WBN,PPP
,204167464,WBN,PPP
,204167472,WBN,PPP
,204167480,WBN,PPP
,204167498,WBN,PPP
,204167506,WBN,PPP
,204167514,WBN,PPP
,204167522,WBN,PPP
,204167530,WBN,PPP
,204167548,WBN,PPP
,204167555,WBN,PPP
,204167563,WBN,PPP
,204167571,WBN,PPP
,204167589,WBN,PPP
,204167597,WBN,PPP
,204167605,WBN,PPP
,204167613,WBN,PPP
,204167621,WBN,PPP
,204167639,WBN,PPP
,204167647,WBN,PPP
,204167654,WBN,PPP
,204167662,WBN,PPP
,204167670,WBN,PPP
,204167688,WBN,PPP
,204167696,WBN,PPP
,204167704,WBN,PPP
,204167712,WBN,PPP
,204167720,WBN,PPP
,204167738,WBN,PPP
,204167746,WBN,PPP
,204167753,WBN,PPP
,204167761,WBN,PPP
,204167779,WBN,PPP
,204167787,WBN,PPP
,204167795,WBN,PPP
,204167803,WBN,PPP
,204167811,WBN,PPP
,204167829,WBN,PPP
,204167837,WBN,PPP
,204167845,WBN,PPP
,204167852,WBN,PPP
,204167860,WBN,PPP
,204167878,WBN,PPP
,204167886,WBN,PPP
,204167894,WBN,PPP
,204167902,WBN,PPP
,204167910,WBN,PPP
,204167928,WBN,PPP
,204167936,WBN,PPP
,204167944,WBN,PPP
,204167951,WBN,PPP
,204167969,WBN,PPP
,204167977,WBN,PPP
,204167985,WBN,PPP
,204167993,WBN,PPP
,204168009,WBN,PPP
,204168017,WBN,PPP
,204168025,WBN,PPP
,204168033,WBN,PPP
,204168041,WBN,PPP
,204168058,WBN,PPP
,204168066,WBN,PPP
,204168074,WBN,PPP
,204168082,WBN,PPP
,204168090,WBN,PPP
,204168108,WBN,PPP
,204168116,WBN,PPP
,204168124,WBN,PPP
,204168132,WBN,PPP
,204168140,WBN,PPP
,204168157,WBN,PPP
,204168165,WBN,PPP
,204168173,WBN,PPP
,204168181,WBN,PPP
,204168199,WBN,PPP
,204168207,WBN,PPP
,204168215,WBN,PPP
,204168223,WBN,PPP
,204168231,WBN,PPP
,204168249,WBN,PPP
,204168256,WBN,PPP
,204168264,WBN,PPP
,204168272,WBN,PPP
,204168280,WBN,PPP
,204168298,WBN,PPP
,204168306,WBN,PPP
,204168314,WBN,PPP
,204168322,WBN,PPP
,204168330,WBN,PPP
,204168348,WBN,PPP
,204168355,WBN,PPP
,204168363,WBN,PPP
,204168371,WBN,PPP
,204168389,WBN,PPP
,204168397,WBN,PPP
,204168405,WBN,PPP
,204168413,WBN,PPP
,204168421,WBN,PPP
,204168439,WBN,PPP
,204168447,WBN,PPP
,204168454,WBN,PPP
,204168462,WBN,PPP
,204168470,WBN,PPP
,204168488,WBN,PPP
,204168496,WBN,PPP
,204168504,WBN,PPP
,204168512,WBN,PPP
,204168520,WBN,PPP
,204168538,WBN,PPP
,204168546,WBN,PPP
,204168553,WBN,PPP
,204168561,WBN,PPP
,204168579,WBN,PPP
,204168587,WBN,PPP
,204168595,WBN,PPP
,204168603,WBN,PPP
,204168611,WBN,PPP
,204168629,WBN,PPP
,204168637,WBN,PPP
,204168645,WBN,PPP
,204168652,WBN,PPP
,204168660,WBN,PPP
,204168678,WBN,PPP
,204168686,WBN,PPP
,204168694,WBN,PPP
,204168702,WBN,PPP
,204168710,WBN,PPP
,204168728,WBN,PPP
,204168736,WBN,PPP
,204168744,WBN,PPP
,204168751,WBN,PPP
,204168769,WBN,PPP
,204168777,WBN,PPP
,204168785,WBN,PPP
,204168793,WBN,PPP
,204168801,WBN,PPP
,204168819,WBN,PPP
,204168827,WBN,PPP
,204168835,WBN,PPP
,204168843,WBN,PPP
,204168850,WBN,PPP
,204168868,WBN,PPP
,204168876,WBN,PPP
,204168884,WBN,PPP
,204168892,WBN,PPP
,204168900,WBN,PPP
,204168918,WBN,PPP
,204168926,WBN,PPP
,204168934,WBN,PPP
,204168942,WBN,PPP
,204168959,WBN,PPP
,204168967,WBN,PPP
,204168975,WBN,PPP
,204168983,WBN,PPP
,204168991,WBN,PPP
,204169007,WBN,PPP
,204169015,WBN,PPP
,204169023,WBN,PPP
,204169031,WBN,PPP
,204169049,WBN,PPP
,204169056,WBN,PPP
,204169064,WBN,PPP
,204169072,WBN,PPP
,204169080,WBN,PPP
,204169098,WBN,PPP
,204169106,WBN,PPP
,204169114,WBN,PPP
,204169122,WBN,PPP
,204169130,WBN,PPP
,204169148,WBN,PPP
,204169155,WBN,PPP
,204169163,WBN,PPP
,204169171,WBN,PPP
,204169189,WBN,PPP
,204169197,WBN,PPP
,204169205,WBN,PPP
,204169213,WBN,PPP
,204169221,WBN,PPP
,204169239,WBN,PPP
,204169247,WBN,PPP
,204169254,WBN,PPP
,204169262,WBN,PPP
,204169270,WBN,PPP
,204169288,WBN,PPP
,204169296,WBN,PPP
,204169304,WBN,PPP
,204169312,WBN,PPP
,204169320,WBN,PPP
,204169338,WBN,PPP
,204169346,WBN,PPP
,204169353,WBN,PPP
,204169361,WBN,PPP
,204169379,WBN,PPP
,204169387,WBN,PPP
,204169395,WBN,PPP
,204169403,WBN,PPP
,204169411,WBN,PPP
,204169429,WBN,PPP
,204169437,WBN,PPP
,204169445,WBN,PPP
,204169452,WBN,PPP
,204169460,WBN,PPP
,204169478,WBN,PPP
,204169486,WBN,PPP
,204169494,WBN,PPP
,204169502,WBN,PPP
,204169510,WBN,PPP
,205030026,WSM,PPP
,206033698,WSY,PPP
,206033706,WSY,PPP
,206033714,WSY,PPP
,206033722,WSY,PPP
,206033730,WSY,PPP
,206033748,WSY,PPP
,206033755,WSY,PPP
,206033763,WSY,PPP
,206033771,WSY,PPP
,206033789,WSY,PPP
,206033797,WSY,PPP
,206033805,WSY,PPP
,206033813,WSY,PPP
,206033821,WSY,PPP
,206033839,WSY,PPP
,206033847,WSY,PPP
,206033854,WSY,PPP
,206033862,WSY,PPP
,206033870,WSY,PPP
,206033888,WSY,PPP
,206033896,WSY,PPP
,206033904,WSY,PPP
,206033912,WSY,PPP
,206033920,WSY,PPP
,206033938,WSY,PPP
,206033946,WSY,PPP
,206033953,WSY,PPP
,206033961,WSY,PPP
,206033979,WSY,PPP
,206033987,WSY,PPP
,206033995,WSY,PPP
,206034001,WSY,PPP
,206034019,WSY,PPP
,206034027,WSY,PPP
,206034035,WSY,PPP
,206034043,WSY,PPP
,206034050,WSY,PPP
,206034068,WSY,PPP
,206034076,WSY,PPP
,206034084,WSY,PPP
,206034092,WSY,PPP
,206034100,WSY,PPP
,206034118,WSY,PPP
,206034126,WSY,PPP
,206034134,WSY,PPP
,206034142,WSY,PPP
,206034159,WSY,PPP
,206034167,WSY,PPP
,206034175,WSY,PPP
,206034183,WSY,PPP
,206034191,WSY,PPP
,206034233,WSY,PPP
,206034241,WSY,PPP
,206034258,WSY,PPP
,206034266,WSY,PPP
,206034274,WSY,PPP
,206034282,WSY,PPP
,206034290,WSY,PPP
,206034308,WSY,PPP
,206034316,WSY,PPP
,206034324,WSY,PPP
,207138611,WMK,PPP
,207138629,WMK,PPP
,207138637,WMK,PPP
,207138645,WMK,PPP
,207138652,WMK,PPP
,207138660,WMK,PPP
,207138678,WMK,PPP
,207138686,WMK,PPP
,207138694,WMK,PPP
,207138702,WMK,PPP
,207138710,WMK,PPP
,207138728,WMK,PPP
,207138736,WMK,PPP
,207138744,WMK,PPP
,207138751,WMK,PPP
,207138769,WMK,PPP
,207138777,WMK,PPP
,207138785,WMK,PPP
,207138793,WMK,PPP
,207138801,WMK,PPP
,207138819,WMK,PPP
,207138827,WMK,PPP
,207138835,WMK,PPP
,207138843,WMK,PPP
,207138850,WMK,PPP
,207138868,WMK,PPP
,207138876,WMK,PPP
,207138884,WMK,PPP
,207138892,WMK,PPP
,207138900,WMK,PPP
,207138918,WMK,PPP
,207138926,WMK,PPP
,207138934,WMK,PPP
,207138942,WMK,PPP
,207138959,WMK,PPP
,207138967,WMK,PPP
,207138975,WMK,PPP
,207138983,WMK,PPP
,207138991,WMK,PPP
,207139007,WMK,PPP
,207139015,WMK,PPP
,207139023,WMK,PPP
,207139031,WMK,PPP
,207139049,WMK,PPP
,207139056,WMK,PPP
,207139064,WMK,PPP
,207139072,WMK,PPP
,207139080,WMK,PPP
,207139098,WMK,PPP
,207139106,WMK,PPP
,208031054,WDR,PPP
,208031062,WDR,PPP
,208031070,WDR,PPP
,208031088,WDR,PPP
,208031096,WDR,PPP
,208031104,WDR,PPP
,208031112,WDR,PPP
,208031120,WDR,PPP
,208031138,WDR,PPP
,208031146,WDR,PPP
,208031153,WDR,PPP
,208031161,WDR,PPP
,208031179,WDR,PPP
,208031187,WDR,PPP
,208031195,WDR,PPP
,208031203,WDR,PPP
,208031211,WDR,PPP
,208031229,WDR,PPP
,208031237,WDR,PPP
,208031245,WDR,PPP
,208031252,WDR,PPP
,208031260,WDR,PPP
,208031278,WDR,PPP
,208031286,WDR,PPP
,208031294,WDR,PPP
,208031302,WDR,PPP
,208031310,WDR,PPP
,208031328,WDR,PPP
,208031336,WDR,PPP
,208031344,WDR,PPP
,208031351,WDR,PPP
,208031369,WDR,PPP
,208031377,WDR,PPP
,208031385,WDR,PPP
,208031393,WDR,PPP
,208031401,WDR,PPP
,208031419,WDR,PPP
,208031427,WDR,PPP
,208031435,WDR,PPP
,208031443,WDR,PPP
,208031450,WDR,PPP
,208031468,WDR,PPP
,208031476,WDR,PPP
,208031484,WDR,PPP
,208031492,WDR,PPP
,208031500,WDR,PPP
,208031518,WDR,PPP
,208031526,WDR,PPP
,208031534,WDR,PPP
,208031542,WDR,PPP
,208031559,WDR,PPP
,208031567,WDR,PPP
,208140913,WDR,PPP
,208142489,WDR,PPP
,208142505,WDR,PPP
,208142513,WDR,PPP
,208142547,WDR,PPP
,208142778,WDR,PPP
,208142851,WDR,PPP
,208142943,WDR,PPP
,208143073,WDR,PPP
,208143081,WDR,PPP
,208143164,WDR,PPP
,208143172,WDR,PPP
,208143180,WDR,PPP
,208143198,WDR,PPP
,208143206,WDR,PPP
,208143214,WDR,PPP
,208143222,WDR,PPP
,208143230,WDR,PPP
,208143248,WDR,PPP
,208143255,WDR,PPP
,208143263,WDR,PPP
,208143271,WDR,PPP
,208143289,WDR,PPP
,208143297,WDR,PPP
,208143305,WDR,PPP
,208143313,WDR,PPP
,208143321,WDR,PPP
,208143339,WDR,PPP
,208143347,WDR,PPP
,208143354,WDR,PPP
,208143362,WDR,PPP
,208143370,WDR,PPP
,208143388,WDR,PPP
,208143396,WDR,PPP
,208143404,WDR,PPP
,208143412,WDR,PPP
,208143420,WDR,PPP
,208143438,WDR,PPP
,208143446,WDR,PPP
,208143453,WDR,PPP
,208143461,WDR,PPP
,208143479,WDR,PPP
,208143487,WDR,PPP
,208143495,WDR,PPP
,208143503,WDR,PPP
,208143511,WDR,PPP
,208143529,WDR,PPP
,208143537,WDR,PPP
,208143545,WDR,PPP
,208143552,WDR,PPP
,208143560,WDR,PPP
,208143578,WDR,PPP
,208143586,WDR,PPP
,208143594,WDR,PPP
,208143602,WDR,PPP
,208143610,WDR,PPP
,208143628,WDR,PPP
,208143636,WDR,PPP
,208143644,WDR,PPP
,208143651,WDR,PPP
,208143669,WDR,PPP
,208143677,WDR,PPP
,208143685,WDR,PPP
,208143693,WDR,PPP
,208143701,WDR,PPP
,208143719,WDR,PPP
,208143727,WDR,PPP
,208143735,WDR,PPP
,208143743,WDR,PPP
,208143750,WDR,PPP
,208143768,WDR,PPP
,208143776,WDR,PPP
,208143784,WDR,PPP
,208143792,WDR,PPP
,208143800,WDR,PPP
,208143818,WDR,PPP
,208143826,WDR,PPP
,208143834,WDR,PPP
,208143842,WDR,PPP
,208143859,WDR,PPP
,208143867,WDR,PPP
,208143875,WDR,PPP
,208143883,WDR,PPP
,208143891,WDR,PPP
,208144014,WDR,PPP
,208144238,WDR,PPP
,208144246,WDR,PPP
,208144253,WDR,PPP
,209144500,WBJ,PPP
,210080016,WJS,PPP
,210080032,WJS,PPP
,210080107,WJS,PPP
,210080123,WJS,PPP
,210080131,WJS,PPP
,210080149,WJS,PPP
,210080156,WJS,PPP
,210080164,WJS,PPP
,210080172,WJS,PPP
,210080180,WJS,PPP
,210080198,WJS,PPP
,210080206,WJS,PPP
,210080214,WJS,PPP
,210081659,WJS,PPP
,210081667,WJS,PPP
,210081923,WJS,PPP
,210081931,WJS,PPP
,210081949,WJS,PPP
,210081956,WJS,PPP
,210081964,WJS,PPP
,210082210,WJS,PPP
,210082228,WJS,PPP
,210082236,WJS,PPP
,210082244,WJS,PPP
,210082251,WJS,PPP
,210082269,WJS,PPP
,210082277,WJS,PPP
,210082285,WJS,PPP
,210082293,WJS,PPP
,210082301,WJS,PPP
,210082319,WJS,PPP
,210082327,WJS,PPP
,210082335,WJS,PPP
,210082343,WJS,PPP
,210082350,WJS,PPP
,210082368,WJS,PPP
,210082376,WJS,PPP
,210082384,WJS,PPP
,210082392,WJS,PPP
,210082400,WJS,PPP
,210082418,WJS,PPP
,210082426,WJS,PPP
,210082434,WJS,PPP
,210082442,WJS,PPP
,210082459,WJS,PPP
,210082467,WJS,PPP
,210082475,WJS,PPP
,210082483,WJS,PPP
,210082491,WJS,PPP
,210082509,WJS,PPP
,210082517,WJS,PPP
,210082525,WJS,PPP
,210082533,WJS,PPP
,210082541,WJS,PPP
,210082558,WJS,PPP
,210082566,WJS,PPP
,210082574,WJS,PPP
,210082582,WJS,PPP
,210082590,WJS,PPP
,210082608,WJS,PPP
,210082616,WJS,PPP
,210082624,WJS,PPP
,210082632,WJS,PPP
,210082640,WJS,PPP
,210082657,WJS,PPP
,210082665,WJS,PPP
,210082673,WJS,PPP
,210082681,WJS,PPP
,210082699,WJS,PPP
,210082707,WJS,PPP
,210082715,WJS,PPP
,210082723,WJS,PPP
,210082731,WJS,PPP
,210082749,WJS,PPP
,210082756,WJS,PPP
,210082764,WJS,PPP
,210082772,WJS,PPP
,210082780,WJS,PPP
,210082798,WJS,PPP
,210082806,WJS,PPP
,210082814,WJS,PPP
,210082822,WJS,PPP
,210082830,WJS,PPP
,210082848,WJS,PPP
,210082855,WJS,PPP
,210082863,WJS,PPP
,210082871,WJS,PPP
,210082889,WJS,PPP
,210082897,WJS,PPP
,210082905,WJS,PPP
,210082913,WJS,PPP
,210082921,WJS,PPP
,210082939,WJS,PPP
,210082947,WJS,PPP
,210082954,WJS,PPP
,210082962,WJS,PPP
,210082970,WJS,PPP
,210082988,WJS,PPP
,210082996,WJS,PPP
,210083002,WJS,PPP
,210083010,WJS,PPP
,210083028,WJS,PPP
,210083036,WJS,PPP
,210083044,WJS,PPP
,210083051,WJS,PPP
,210083069,WJS,PPP
,210083077,WJS,PPP
,210083085,WJS,PPP
,210083093,WJS,PPP
,210083101,WJS,PPP
,210083119,WJS,PPP
,210083127,WJS,PPP
,210083135,WJS,PPP
,210083143,WJS,PPP
,210083150,WJS,PPP
,210083168,WJS,PPP
,210083176,WJS,PPP
,210083184,WJS,PPP
,210083192,WJS,PPP
,210083200,WJS,PPP
,210083218,WJS,PPP
,210083226,WJS,PPP
,210083234,WJS,PPP
,210083242,WJS,PPP
,210083259,WJS,PPP
,210083267,WJS,PPP
,210083275,WJS,PPP
,210083283,WJS,PPP
,210083291,WJS,PPP
,210083309,WJS,PPP
,210083317,WJS,PPP
,210083325,WJS,PPP
,210083333,WJS,PPP
,210083341,WJS,PPP
,210083358,WJS,PPP
,210083366,WJS,PPP
,210083374,WJS,PPP
,210083382,WJS,PPP
,210083390,WJS,PPP
,210083408,WJS,PPP
,210083416,WJS,PPP
,210083424,WJS,PPP
,210083432,WJS,PPP
,210083440,WJS,PPP
,210083457,WJS,PPP
,210083465,WJS,PPP
,210083473,WJS,PPP
,210083481,WJS,PPP
,210083499,WJS,PPP
,210083507,WJS,PPP
,210083515,WJS,PPP
,210083523,WJS,PPP
,210083531,WJS,PPP
,210083549,WJS,PPP
,210083556,WJS,PPP
,210083564,WJS,PPP
,210083572,WJS,PPP
,210083580,WJS,PPP
,210083598,WJS,PPP
,210083606,WJS,PPP
,210083614,WJS,PPP
,210083622,WJS,PPP
,210083630,WJS,PPP
,210083648,WJS,PPP
,210083655,WJS,PPP
,210083663,WJS,PPP
,210083671,WJS,PPP
,210083689,WJS,PPP
,210083697,WJS,PPP
,210083705,WJS,PPP
,210083713,WJS,PPP
,210083721,WJS,PPP
,210083739,WJS,PPP
,210083747,WJS,PPP
,210083754,WJS,PPP
,210083762,WJS,PPP
,210083770,WJS,PPP
,210083788,WJS,PPP
,210083796,WJS,PPP
,210083804,WJS,PPP
,210083812,WJS,PPP
,210083820,WJS,PPP
,210083838,WJS,PPP
,210083846,WJS,PPP
,210083853,WJS,PPP
,210083861,WJS,PPP
,210083879,WJS,PPP
,210083887,WJS,PPP
,210083895,WJS,PPP
,210083903,WJS,PPP
,210083911,WJS,PPP
,210083929,WJS,PPP
,210083937,WJS,PPP
,210083945,WJS,PPP
,210083952,WJS,PPP
,210083960,WJS,PPP
,210083978,WJS,PPP
,210083986,WJS,PPP
,210083994,WJS,PPP
,210084000,WJS,PPP
,210084018,WJS,PPP
,210084026,WJS,PPP
,210084034,WJS,PPP
,210084042,WJS,PPP
,210084059,WJS,PPP
,210084067,WJS,PPP
,210084075,WJS,PPP
,210084083,WJS,PPP
,210084091,WJS,PPP
,210084109,WJS,PPP
,210084117,WJS,PPP
,210084125,WJS,PPP
,210084133,WJS,PPP
,210084141,WJS,PPP
,210084158,WJS,PPP
,210084166,WJS,PPP
,210084174,WJS,PPP
,210084182,WJS,PPP
,210084190,WJS,PPP
,210084208,WJS,PPP
,210084216,WJS,PPP
,210084224,WJS,PPP
,210084232,WJS,PPP
,210084240,WJS,PPP
,210084257,WJS,PPP
,210084265,WJS,PPP
,210084273,WJS,PPP
,210084281,WJS,PPP
,210084299,WJS,PPP
,210084307,WJS,PPP
,210084315,WJS,PPP
,210084323,WJS,PPP
,210084331,WJS,PPP
,210084349,WJS,PPP
,210084356,WJS,PPP
,210084364,WJS,PPP
,210084372,WJS,PPP
,210084380,WJS,PPP
,210084398,WJS,PPP
,210084406,WJS,PPP
,210084414,WJS,PPP
,210084422,WJS,PPP
,210084430,WJS,PPP
,210084448,WJS,PPP
,210084455,WJS,PPP
,210084463,WJS,PPP
,210084471,WJS,PPP
,210084489,WJS,PPP
,210084497,WJS,PPP
,210084505,WJS,PPP
,210084513,WJS,PPP
,210084521,WJS,PPP
,210084539,WJS,PPP
,210084547,WJS,PPP
,210084554,WJS,PPP
,210084562,WJS,PPP
,210084570,WJS,PPP
,210084588,WJS,PPP
,210084596,WJS,PPP
,210084604,WJS,PPP
,210084612,WJS,PPP
,210084620,WJS,PPP
,210084638,WJS,PPP
,210084646,WJS,PPP
,210084653,WJS,PPP
,210084661,WJS,PPP
,210084679,WJS,PPP
,210084687,WJS,PPP
,210084695,WJS,PPP
,210084703,WJS,PPP
,210084711,WJS,PPP
,210084729,WJS,PPP
,210084737,WJS,PPP
,210084745,WJS,PPP
,210084752,WJS,PPP
,210084760,WJS,PPP
,210084778,WJS,PPP
,210084786,WJS,PPP
,210084794,WJS,PPP
,210084802,WJS,PPP
,210084810,WJS,PPP
,210084828,WJS,PPP
,210084836,WJS,PPP
,210084844,WJS,PPP
,210084851,WJS,PPP
,210084869,WJS,PPP
,210084877,WJS,PPP
,210084885,WJS,PPP
,210084893,WJS,PPP
,210084901,WJS,PPP
,210084919,WJS,PPP
,210084927,WJS,PPP
,210084935,WJS,PPP
,210084943,WJS,PPP
,210084950,WJS,PPP
,210084968,WJS,PPP
,210084976,WJS,PPP
,210085049,WJS,PPP
,210085056,WJS,PPP
,210085064,WJS,PPP
,210085072,WJS,PPP
,210085080,WJS,PPP
,210085098,WJS,PPP
,210085106,WJS,PPP
,210085114,WJS,PPP
,210085122,WJS,PPP
,210085130,WJS,PPP
,210085148,WJS,PPP
,210085155,WJS,PPP
,210085163,WJS,PPP
,210085171,WJS,PPP
,210085189,WJS,PPP
,210085197,WJS,PPP
,210085205,WJS,PPP
,210085213,WJS,PPP
,210085221,WJS,PPP
,210085239,WJS,PPP
,210085247,WJS,PPP
,210085254,WJS,PPP
,210085262,WJS,PPP
,210085270,WJS,PPP
,210085288,WJS,PPP
,210085296,WJS,PPP
,210085304,WJS,PPP
,210085312,WJS,PPP
,210085320,WJS,PPP
,210085338,WJS,PPP
,210085346,WJS,PPP
,210085353,WJS,PPP
,210085361,WJS,PPP
,210085379,WJS,PPP
,210085387,WJS,PPP
,210085395,WJS,PPP
,210085403,WJS,PPP
,210085411,WJS,PPP
,210085429,WJS,PPP
,210085437,WJS,PPP
,210085445,WJS,PPP
,210085452,WJS,PPP
,210085460,WJS,PPP
,210085478,WJS,PPP
,210085486,WJS,PPP
,210085494,WJS,PPP
,210085502,WJS,PPP
,210085510,WJS,PPP
,210085528,WJS,PPP
,210085536,WJS,PPP
,210085544,WJS,PPP
,210085551,WJS,PPP
,210085569,WJS,PPP
,210085577,WJS,PPP
,210085585,WJS,PPP
,210085684,WJS,PPP
,210085742,WJS,PPP
,210085759,WJS,PPP
,210085767,WJS,PPP
,210085908,WJS,PPP
,210085916,WJS,PPP
,210085924,WJS,PPP
,210085932,WJS,PPP
,210085940,WJS,PPP
,210086021,WJS,PPP
,210086039,WJS,PPP
,210290698,WJS,PPP
,210290706,WJS,PPP
,210290714,WJS,PPP
,210290722,WJS,PPP
,210290730,WJS,PPP
,210290748,WJS,PPP
,210290755,WJS,PPP
,210290763,WJS,PPP
,210290771,WJS,PPP
,210290789,WJS,PPP
,210290797,WJS,PPP
,210290805,WJS,PPP
,210290813,WJS,PPP
,210290821,WJS,PPP
,210290839,WJS,PPP
,210290847,WJS,PPP
,210290854,WJS,PPP
,210290862,WJS,PPP
,210290870,WJS,PPP
,210290888,WJS,PPP
,210290896,WJS,PPP
,210290904,WJS,PPP
,210290912,WJS,PPP
,210290920,WJS,PPP
,210290938,WJS,PPP
,210290946,WJS,PPP
,210290953,WJS,PPP
,210290961,WJS,PPP
,210290979,WJS,PPP
,210290987,WJS,PPP
,210290995,WJS,PPP
,210291001,WJS,PPP
,210291019,WJS,PPP
,210291027,WJS,PPP
,210291035,WJS,PPP
,210291043,WJS,PPP
,210291050,WJS,PPP
,210291068,WJS,PPP
,210291076,WJS,PPP
,210291084,WJS,PPP
,210291092,WJS,PPP
,210291100,WJS,PPP
,210291118,WJS,PPP
,210291126,WJS,PPP
,210291134,WJS,PPP
,210291142,WJS,PPP
,210291159,WJS,PPP
,210291167,WJS,PPP
,210291175,WJS,PPP
,210291183,WJS,PPP
,210291191,WJS,PPP
,210291209,WJS,PPP
,210291217,WJS,PPP
,210291225,WJS,PPP
,210291233,WJS,PPP
,210291241,WJS,PPP
,210291258,WJS,PPP
,210291266,WJS,PPP
,210291274,WJS,PPP
,210291282,WJS,PPP
,210291290,WJS,PPP
,210291308,WJS,PPP
,210291316,WJS,PPP
,210291324,WJS,PPP
,210291332,WJS,PPP
,210291340,WJS,PPP
,210291357,WJS,PPP
,210291365,WJS,PPP
,210291373,WJS,PPP
,210291381,WJS,PPP
,210291399,WJS,PPP
,210291407,WJS,PPP
,210291415,WJS,PPP
,210291423,WJS,PPP
,210291431,WJS,PPP
,210291449,WJS,PPP
,210291456,WJS,PPP
,210291464,WJS,PPP
,210291472,WJS,PPP
,210291480,WJS,PPP
,210291498,WJS,PPP
,210291506,WJS,PPP
,210291514,WJS,PPP
,210291522,WJS,PPP
,210291530,WJS,PPP
,210291548,WJS,PPP
,210291555,WJS,PPP
,210291563,WJS,PPP
,210291571,WJS,PPP
,210291589,WJS,PPP
,210291597,WJS,PPP
,210291605,WJS,PPP
,210291613,WJS,PPP
,210291621,WJS,PPP
,210291639,WJS,PPP
,210291647,WJS,PPP
,210291654,WJS,PPP
,210291662,WJS,PPP
,210291670,WJS,PPP
,210291688,WJS,PPP
,210291696,WJS,PPP
,210291704,WJS,PPP
,210291712,WJS,PPP
,210291720,WJS,PPP
,210291738,WJS,PPP
,210291746,WJS,PPP
,210291753,WJS,PPP
,210291761,WJS,PPP
,210291779,WJS,PPP
,210291787,WJS,PPP
,210291795,WJS,PPP
,210291803,WJS,PPP
,210291811,WJS,PPP
,210291829,WJS,PPP
,210291837,WJS,PPP
,210291845,WJS,PPP
,210291852,WJS,PPP
,210291860,WJS,PPP
,210291878,WJS,PPP
,210291886,WJS,PPP
,210291894,WJS,PPP
,210291902,WJS,PPP
,210291910,WJS,PPP
,210291928,WJS,PPP
,210291936,WJS,PPP
,210291944,WJS,PPP
,210291951,WJS,PPP
,210291969,WJS,PPP
,210291977,WJS,PPP
,210291985,WJS,PPP
,210291993,WJS,PPP
,210292009,WJS,PPP
,210292017,WJS,PPP
,210292025,WJS,PPP
,210292033,WJS,PPP
,210292041,WJS,PPP
,210292058,WJS,PPP
,210292066,WJS,PPP
,210292074,WJS,PPP
,210292082,WJS,PPP
,210292090,WJS,PPP
,210292108,WJS,PPP
,210292116,WJS,PPP
,210292124,WJS,PPP
,210292132,WJS,PPP
,210292140,WJS,PPP
,210292157,WJS,PPP
,210292165,WJS,PPP
,210292173,WJS,PPP
,210292181,WJS,PPP
,210292199,WJS,PPP
,210292207,WJS,PPP
,210292215,WJS,PPP
,210292223,WJS,PPP
,210292231,WJS,PPP
,210292249,WJS,PPP
,210292256,WJS,PPP
,210292264,WJS,PPP
,210292272,WJS,PPP
,210292280,WJS,PPP
,210292298,WJS,PPP
,210292306,WJS,PPP
,210292314,WJS,PPP
,210292322,WJS,PPP
,210292330,WJS,PPP
,210292348,WJS,PPP
,210292355,WJS,PPP
,210292363,WJS,PPP
,210292371,WJS,PPP
,210292389,WJS,PPP
,210292397,WJS,PPP
,210292405,WJS,PPP
,210292413,WJS,PPP
,210292421,WJS,PPP
,210292439,WJS,PPP
,210292447,WJS,PPP
,210292454,WJS,PPP
,210292462,WJS,PPP
,210292470,WJS,PPP
,210292488,WJS,PPP
,210292496,WJS,PPP
,210292504,WJS,PPP
,210292512,WJS,PPP
,210292520,WJS,PPP
,210292538,WJS,PPP
,210292546,WJS,PPP
,210292553,WJS,PPP
,210292561,WJS,PPP
,210292579,WJS,PPP
,210292587,WJS,PPP
,210292595,WJS,PPP
,210292603,WJS,PPP
,210292611,WJS,PPP
,210292629,WJS,PPP
,210292637,WJS,PPP
,210292645,WJS,PPP
,210292652,WJS,PPP
,210292660,WJS,PPP
,210292678,WJS,PPP
,210292686,WJS,PPP
,210292694,WJS,PPP
,210292702,WJS,PPP
,210292710,WJS,PPP
,210292728,WJS,PPP
,210292736,WJS,PPP
,210292744,WJS,PPP
,210292751,WJS,PPP
,210292769,WJS,PPP
,210292777,WJS,PPP
,210292785,WJS,PPP
,210292793,WJS,PPP
,210292801,WJS,PPP
,210292819,WJS,PPP
,210292827,WJS,PPP
,210292835,WJS,PPP
,210292843,WJS,PPP
,210292850,WJS,PPP
,210292868,WJS,PPP
,210292876,WJS,PPP
,210292884,WJS,PPP
,210292918,WJS,PPP
,210292926,WJS,PPP
,210292934,WJS,PPP
,210292942,WJS,PPP
,210292959,WJS,PPP
,210292967,WJS,PPP
,210292975,WJS,PPP
,210292983,WJS,PPP
,210292991,WJS,PPP
,210293007,WJS,PPP
,210293015,WJS,PPP
,210293023,WJS,PPP
,210293031,WJS,PPP
,210293049,WJS,PPP
,210293056,WJS,PPP
,210293064,WJS,PPP
,210293072,WJS,PPP
,210293080,WJS,PPP
,210293098,WJS,PPP
,210293106,WJS,PPP
,210293114,WJS,PPP
,210293122,WJS,PPP
,210293130,WJS,PPP
,210293148,WJS,PPP
,210293155,WJS,PPP
,210293163,WJS,PPP
,210293171,WJS,PPP
,210293189,WJS,PPP
,210293197,WJS,PPP
,210293205,WJS,PPP
,210293213,WJS,PPP
,210293221,WJS,PPP
,210293239,WJS,PPP
,210293247,WJS,PPP
,210293254,WJS,PPP
,210293262,WJS,PPP
,210293270,WJS,PPP
,210293288,WJS,PPP
,210293296,WJS,PPP
,210293304,WJS,PPP
,210293312,WJS,PPP
,210293320,WJS,PPP
,210293338,WJS,PPP
,210293346,WJS,PPP
,210293353,WJS,PPP
,210293361,WJS,PPP
,210293379,WJS,PPP
,210293387,WJS,PPP
,210293395,WJS,PPP
,210293403,WJS,PPP
,210293411,WJS,PPP
,210293429,WJS,PPP
,210293437,WJS,PPP
,210293445,WJS,PPP
,210293452,WJS,PPP
,210293460,WJS,PPP
,210293478,WJS,PPP
,210293486,WJS,PPP
,210293494,WJS,PPP
,210293502,WJS,PPP
,210293510,WJS,PPP
,210293528,WJS,PPP
,210293536,WJS,PPP
,210293544,WJS,PPP
,210293551,WJS,PPP
,210293569,WJS,PPP
,210293577,WJS,PPP
,210293585,WJS,PPP
,210293593,WJS,PPP
,210293601,WJS,PPP
,210293619,WJS,PPP
,210293627,WJS,PPP
,210293635,WJS,PPP
,210293643,WJS,PPP
,210293650,WJS,PPP
,210293668,WJS,PPP
,210293676,WJS,PPP
,210293684,WJS,PPP
,210293692,WJS,PPP
,210293700,WJS,PPP
,210293718,WJS,PPP
,210293726,WJS,PPP
,210293734,WJS,PPP
,210293742,WJS,PPP
,210293759,WJS,PPP
,210293767,WJS,PPP
,210293775,WJS,PPP
,210293783,WJS,PPP
,210293791,WJS,PPP
,210293809,WJS,PPP
,210293817,WJS,PPP
,210293825,WJS,PPP
,210293833,WJS,PPP
,210293841,WJS,PPP
,210293858,WJS,PPP
,210293866,WJS,PPP
,210293874,WJS,PPP
,210293882,WJS,PPP
,210293890,WJS,PPP
,210293908,WJS,PPP
,210293916,WJS,PPP
,210293924,WJS,PPP
,210293932,WJS,PPP
,210293940,WJS,PPP
,210293957,WJS,PPP
,210293965,WJS,PPP
,210293973,WJS,PPP
,210293981,WJS,PPP
,210293999,WJS,PPP
,210294005,WJS,PPP
,210294013,WJS,PPP
,210294021,WJS,PPP
,210294039,WJS,PPP
,210294047,WJS,PPP
,210294054,WJS,PPP
,210294062,WJS,PPP
,210294070,WJS,PPP
,210294088,WJS,PPP
,210294096,WJS,PPP
,210294104,WJS,PPP
,210294112,WJS,PPP
,210294120,WJS,PPP
,210294138,WJS,PPP
,210294146,WJS,PPP
,210294153,WJS,PPP
,210294161,WJS,PPP
,210294179,WJS,PPP
,210294187,WJS,PPP
,210294195,WJS,PPP
,210294203,WJS,PPP
,210294211,WJS,PPP
,210294229,WJS,PPP
,210294237,WJS,PPP
,210294245,WJS,PPP
,210294252,WJS,PPP
,210294260,WJS,PPP
,210294278,WJS,PPP
,210294286,WJS,PPP
,210294294,WJS,PPP
,210294302,WJS,PPP
,210294310,WJS,PPP
,210294328,WJS,PPP
,210294336,WJS,PPP
,210294344,WJS,PPP
,210294351,WJS,PPP
,210294369,WJS,PPP
,210294377,WJS,PPP
,210294385,WJS,PPP
,210294393,WJS,PPP
,210294401,WJS,PPP
,210294419,WJS,PPP
,210294427,WJS,PPP
,210294435,WJS,PPP
,210294443,WJS,PPP
,210294450,WJS,PPP
,210294468,WJS,PPP
,210294476,WJS,PPP
,210294484,WJS,PPP
,210294492,WJS,PPP
,210294500,WJS,PPP
,210294518,WJS,PPP
,210294526,WJS,PPP
,210294534,WJS,PPP
,210294542,WJS,PPP
,210294559,WJS,PPP
,210294567,WJS,PPP
,210294575,WJS,PPP
,210294583,WJS,PPP
,210294591,WJS,PPP
,210294609,WJS,PPP
,210294617,WJS,PPP
,210294625,WJS,PPP
,210294633,WJS,PPP
,210294641,WJS,PPP
,210294658,WJS,PPP
,210294666,WJS,PPP
,210294674,WJS,PPP
,210294682,WJS,PPP
,210294815,WJS,PPP
,210294823,WJS,PPP
,212299986,WJK,PPP
,212299994,WJK,PPP
,212300008,WJK,PPP
,212300016,WJK,PPP
,212300024,WJK,PPP
,212300032,WJK,PPP
,212300040,WJK,PPP
,212300057,WJK,PPP
,212300065,WJK,PPP
,212300073,WJK,PPP
,212300081,WJK,PPP
,212300099,WJK,PPP
,212300107,WJK,PPP
,212300115,WJK,PPP
,212300123,WJK,PPP
,212300131,WJK,PPP
,212300149,WJK,PPP
,212300156,WJK,PPP
,212300164,WJK,PPP
,212300172,WJK,PPP
,212300180,WJK,PPP
,212300198,WJK,PPP
,212300206,WJK,PPP
,212300214,WJK,PPP
,212300222,WJK,PPP
,212300230,WJK,PPP
,212300248,WJK,PPP
,212300255,WJK,PPP
,212300263,WJK,PPP
,212300271,WJK,PPP
,212300289,WJK,PPP
,212300297,WJK,PPP
,212300305,WJK,PPP
,212300313,WJK,PPP
,212300321,WJK,PPP
,212300339,WJK,PPP
,212300347,WJK,PPP
,212300354,WJK,PPP
,212300362,WJK,PPP
,212300370,WJK,PPP
,212300388,WJK,PPP
,212300396,WJK,PPP
,212300404,WJK,PPP
,212300412,WJK,PPP
,212300420,WJK,PPP
,212300438,WJK,PPP
,212300446,WJK,PPP
,212300453,WJK,PPP
,212300461,WJK,PPP
,212300479,WJK,PPP
,212300487,WJK,PPP
,212300495,WJK,PPP
,212300503,WJK,PPP
,212300511,WJK,PPP
,212300529,WJK,PPP
,212300537,WJK,PPP
,212300545,WJK,PPP
,212300552,WJK,PPP
,212300560,WJK,PPP
,212300578,WJK,PPP
,212300586,WJK,PPP
,212300594,WJK,PPP
,212300602,WJK,PPP
,212300610,WJK,PPP
,212300628,WJK,PPP
,212300636,WJK,PPP
,212300644,WJK,PPP
,212300651,WJK,PPP
,212300669,WJK,PPP
,212300677,WJK,PPP
,212300685,WJK,PPP
,212300693,WJK,PPP
,212300701,WJK,PPP
,212300719,WJK,PPP
,212300727,WJK,PPP
,212300735,WJK,PPP
,212300743,WJK,PPP
,212300750,WJK,PPP
,212300768,WJK,PPP
,212300776,WJK,PPP
,212300784,WJK,PPP
,212300792,WJK,PPP
,212300800,WJK,PPP
,212300818,WJK,PPP
,212300826,WJK,PPP
,212300834,WJK,PPP
,212300842,WJK,PPP
,212300859,WJK,PPP
,212300867,WJK,PPP
,212300875,WJK,PPP
,212300883,WJK,PPP
,212300891,WJK,PPP
,212300909,WJK,PPP
,212300917,WJK,PPP
,212300925,WJK,PPP
,212300933,WJK,PPP
,212300941,WJK,PPP
,212300958,WJK,PPP
,212300966,WJK,PPP
,212300974,WJK,PPP
,212300982,WJK,PPP
,212300990,WJK,PPP
,212301006,WJK,PPP
,212301014,WJK,PPP
,212301022,WJK,PPP
,212301030,WJK,PPP
,212301048,WJK,PPP
,212301055,WJK,PPP
,212301063,WJK,PPP
,212301071,WJK,PPP
,212301089,WJK,PPP
,212301097,WJK,PPP
,212301105,WJK,PPP
,212301113,WJK,PPP
,212301121,WJK,PPP
,212301139,WJK,PPP
,212301147,WJK,PPP
,212301154,WJK,PPP
,212301162,WJK,PPP
,212301170,WJK,PPP
,212301188,WJK,PPP
,212301196,WJK,PPP
,212301204,WJK,PPP
,212301212,WJK,PPP
,212301220,WJK,PPP
,212301238,WJK,PPP
,212301246,WJK,PPP
,212301253,WJK,PPP
,212301261,WJK,PPP
,212301279,WJK,PPP
,212301287,WJK,PPP
,212301295,WJK,PPP
,212301303,WJK,PPP
,212301311,WJK,PPP
,212301329,WJK,PPP
,212301337,WJK,PPP
,212301345,WJK,PPP
,212301352,WJK,PPP
,212301360,WJK,PPP
,212301378,WJK,PPP
,212301386,WJK,PPP
,212301394,WJK,PPP
,212301402,WJK,PPP
,212301410,WJK,PPP
,212301428,WJK,PPP
,212301436,WJK,PPP
,212301444,WJK,PPP
,212301451,WJK,PPP
,212301469,WJK,PPP
,212301477,WJK,PPP
,212301485,WJK,PPP
,212301493,WJK,PPP
,212301501,WJK,PPP
,212301519,WJK,PPP
,212301527,WJK,PPP
,212301535,WJK,PPP
,212301543,WJK,PPP
,212301550,WJK,PPP
,212301568,WJK,PPP
,212301576,WJK,PPP
,212301584,WJK,PPP
,212301592,WJK,PPP
,212301600,WJK,PPP
,212301618,WJK,PPP
,212301626,WJK,PPP
,212301634,WJK,PPP
,212301642,WJK,PPP
,212301659,WJK,PPP
,212301667,WJK,PPP
,212301675,WJK,PPP
,212301683,WJK,PPP
,212301691,WJK,PPP
,212301709,WJK,PPP
,212301717,WJK,PPP
,212301725,WJK,PPP
,212301733,WJK,PPP
,212301741,WJK,PPP
,212301758,WJK,PPP
,212301766,WJK,PPP
,212301774,WJK,PPP
,212301782,WJK,PPP
,212301790,WJK,PPP
,212301808,WJK,PPP
,212301816,WJK,PPP
,212301824,WJK,PPP
,212301832,WJK,PPP
,212301840,WJK,PPP
,212301857,WJK,PPP
,212301865,WJK,PPP
,212301873,WJK,PPP
,212301881,WJK,PPP
,212301899,WJK,PPP
,212301907,WJK,PPP
,212301915,WJK,PPP
,212301923,WJK,PPP
,212301931,WJK,PPP
,212301949,WJK,PPP
,212301956,WJK,PPP
,212301964,WJK,PPP
,212301972,WJK,PPP
,212301980,WJK,PPP
,212301998,WJK,PPP
,212302004,WJK,PPP
,212302012,WJK,PPP
,212302020,WJK,PPP
,212302038,WJK,PPP
,212302046,WJK,PPP
,212302053,WJK,PPP
,212302061,WJK,PPP
,212302079,WJK,PPP
,212302087,WJK,PPP
,212302095,WJK,PPP
,212302103,WJK,PPP
,212302111,WJK,PPP
,212302129,WJK,PPP
,212302137,WJK,PPP
,212302145,WJK,PPP
,212302152,WJK,PPP
,212302160,WJK,PPP
,212302178,WJK,PPP
,212302186,WJK,PPP
,212302194,WJK,PPP
,212302202,WJK,PPP
,212302210,WJK,PPP
,212302228,WJK,PPP
,212302236,WJK,PPP
,212302244,WJK,PPP
,212302251,WJK,PPP
,212302269,WJK,PPP
,212302277,WJK,PPP
,212302285,WJK,PPP
,212302293,WJK,PPP
,212302301,WJK,PPP
,212302319,WJK,PPP
,212302327,WJK,PPP
,212302335,WJK,PPP
,212302343,WJK,PPP
,212302350,WJK,PPP
,212302368,WJK,PPP
,212302376,WJK,PPP
,212302384,WJK,PPP
,212302392,WJK,PPP
,212302400,WJK,PPP
,212302418,WJK,PPP
,212302426,WJK,PPP
,212302434,WJK,PPP
,212302442,WJK,PPP
,212302459,WJK,PPP
,212302467,WJK,PPP
,212302475,WJK,PPP
,212302483,WJK,PPP
,212302491,WJK,PPP
,212302509,WJK,PPP
,212302517,WJK,PPP
,212302525,WJK,PPP
,212302533,WJK,PPP
,212302541,WJK,PPP
,212302558,WJK,PPP
,212302566,WJK,PPP
,212302574,WJK,PPP
,212302582,WJK,PPP
,212302590,WJK,PPP
,212302608,WJK,PPP
,212302616,WJK,PPP
,212302624,WJK,PPP
,212302632,WJK,PPP
,212302640,WJK,PPP
,212302657,WJK,PPP
,212302665,WJK,PPP
,212302673,WJK,PPP
,212302681,WJK,PPP
,212302699,WJK,PPP
,212302707,WJK,PPP
,212302715,WJK,PPP
,212302723,WJK,PPP
,212302731,WJK,PPP
,212302749,WJK,PPP
,212302756,WJK,PPP
,212302764,WJK,PPP
,212302772,WJK,PPP
,212302780,WJK,PPP
,212302798,WJK,PPP
,212302806,WJK,PPP
,212302814,WJK,PPP
,212302822,WJK,PPP
,212302830,WJK,PPP
,212302848,WJK,PPP
,212302855,WJK,PPP
,212302863,WJK,PPP
,212302871,WJK,PPP
,212302889,WJK,PPP
,212302897,WJK,PPP
,214327884,WJB,PPP
,214327900,WJB,PPP
,214327918,WJB,PPP
,214327926,WJB,PPP
,214327934,WJB,PPP
,214327942,WJB,PPP
,214327975,WJB,PPP
,214327983,WJB,PPP
,214327991,WJB,PPP
,214328007,WJB,PPP
,214328015,WJB,PPP
,214328023,WJB,PPP
,214328031,WJB,PPP
,214328049,WJB,PPP
,214328056,WJB,PPP
,214328064,WJB,PPP
,214328072,WJB,PPP
,214328080,WJB,PPP
,214328098,WJB,PPP
,214328106,WJB,PPP
,214328114,WJB,PPP
,214328122,WJB,PPP
,214328130,WJB,PPP
,214328148,WJB,PPP
,214328155,WJB,PPP
,214328163,WJB,PPP
,214328171,WJB,PPP
,214328189,WJB,PPP
,214328197,WJB,PPP
,214328205,WJB,PPP
,214328213,WJB,PPP
,214328221,WJB,PPP
,214328239,WJB,PPP
,214328247,WJB,PPP
,214328254,WJB,PPP
,214328262,WJB,PPP
,214328270,WJB,PPP
,214328288,WJB,PPP
,214328296,WJB,PPP
,214328304,WJB,PPP
,214328312,WJB,PPP
,214328320,WJB,PPP
,214328338,WJB,PPP
,214328346,WJB,PPP
,214328353,WJB,PPP
,214328361,WJB,PPP
,214328379,WJB,PPP
,214328387,WJB,PPP
,214328395,WJB,PPP
,214328403,WJB,PPP
,214328411,WJB,PPP
,214328429,WJB,PPP
,214328437,WJB,PPP
,214328445,WJB,PPP
,214328452,WJB,PPP
,214328460,WJB,PPP
,214328478,WJB,PPP
,214328486,WJB,PPP
,214328494,WJB,PPP
,214328502,WJB,PPP
,214328510,WJB,PPP
,214328528,WJB,PPP
,214328536,WJB,PPP
,214328544,WJB,PPP
,214328551,WJB,PPP
,214328569,WJB,PPP
,214328577,WJB,PPP
,214328585,WJB,PPP
,214328593,WJB,PPP
,214328601,WJB,PPP
,214328619,WJB,PPP
,214328627,WJB,PPP
,214328635,WJB,PPP
,214328643,WJB,PPP
,214328650,WJB,PPP
,214328668,WJB,PPP
,214328676,WJB,PPP
,214328684,WJB,PPP
,214328692,WJB,PPP
,214328700,WJB,PPP
,214328718,WJB,PPP
,214328726,WJB,PPP
,214328734,WJB,PPP
,214328742,WJB,PPP
,214328759,WJB,PPP
,214328767,WJB,PPP
,214328775,WJB,PPP
,214328783,WJB,PPP
,214328791,WJB,PPP
,214328809,WJB,PPP
,214328817,WJB,PPP
,214328825,WJB,PPP
,214328833,WJB,PPP
,214328841,WJB,PPP
,214328858,WJB,PPP
,214328866,WJB,PPP
,214328874,WJB,PPP
,214328882,WJB,PPP
,214328890,WJB,PPP
,214328908,WJB,PPP
,214328916,WJB,PPP
,214328924,WJB,PPP
,214328932,WJB,PPP
,214328940,WJB,PPP
,214328957,WJB,PPP
,214328965,WJB,PPP
,214328973,WJB,PPP
,214328981,WJB,PPP
,214328999,WJB,PPP
,214329005,WJB,PPP
,214329013,WJB,PPP
,214329021,WJB,PPP
,214329039,WJB,PPP
,214329047,WJB,PPP
,214329054,WJB,PPP
,214329062,WJB,PPP
,214329070,WJB,PPP
,214329088,WJB,PPP
,214329096,WJB,PPP
,214329104,WJB,PPP
,214329112,WJB,PPP
,214329120,WJB,PPP
,214329138,WJB,PPP
,214329146,WJB,PPP
,214329153,WJB,PPP
,214329161,WJB,PPP
,214329179,WJB,PPP
,214329187,WJB,PPP
,214329195,WJB,PPP
,214329203,WJB,PPP
,214329211,WJB,PPP
,214329229,WJB,PPP
,214329237,WJB,PPP
,214329245,WJB,PPP
,214329252,WJB,PPP
,214329260,WJB,PPP
,214329278,WJB,PPP
,214329286,WJB,PPP
,214329294,WJB,PPP
,214329302,WJB,PPP
,214329310,WJB,PPP
,214329328,WJB,PPP
,214329336,WJB,PPP
,214329344,WJB,PPP
,214329351,WJB,PPP
,214329369,WJB,PPP
,214329377,WJB,PPP
,214329385,WJB,PPP
,214329393,WJB,PPP
,214329401,WJB,PPP
,214329419,WJB,PPP
,214329427,WJB,PPP
,214329435,WJB,PPP
,214329443,WJB,PPP
,214329450,WJB,PPP
,214329468,WJB,PPP
,214329476,WJB,PPP
,214329484,WJB,PPP
,214329492,WJB,PPP
,214329500,WJB,PPP
,214329518,WJB,PPP
,214329526,WJB,PPP
,214329534,WJB,PPP
,214329542,WJB,PPP
,214329559,WJB,PPP
,214329567,WJB,PPP
,214329575,WJB,PPP
,214329583,WJB,PPP
,214329591,WJB,PPP
,214329609,WJB,PPP
,214329617,WJB,PPP
,214329625,WJB,PPP
,214329633,WJB,PPP
,214329641,WJB,PPP
,214329658,WJB,PPP
,214329666,WJB,PPP
,214329674,WJB,PPP
,214329682,WJB,PPP
,214329690,WJB,PPP
,214329708,WJB,PPP
,214329716,WJB,PPP
,214329724,WJB,PPP
,214329732,WJB,PPP
,214329740,WJB,PPP
,214329757,WJB,PPP
,214329765,WJB,PPP
,214329773,WJB,PPP
,214329781,WJB,PPP
,214329799,WJB,PPP
,214329807,WJB,PPP
,214329815,WJB,PPP
,214329823,WJB,PPP
,214329831,WJB,PPP
,214329849,WJB,PPP
,214329856,WJB,PPP
,214329864,WJB,PPP
,214329872,WJB,PPP
,214329880,WJB,PPP
,214329898,WJB,PPP
,214329906,WJB,PPP
,214329914,WJB,PPP
,214329922,WJB,PPP
,214329930,WJB,PPP
,214329948,WJB,PPP
,214329955,WJB,PPP
,214329963,WJB,PPP
,214329971,WJB,PPP
,214329989,WJB,PPP
,214329997,WJB,PPP
,214330003,WJB,PPP
,214330011,WJB,PPP
,214330029,WJB,PPP
,214330037,WJB,PPP
,214330045,WJB,PPP
,214330052,WJB,PPP
,214330060,WJB,PPP
,214330078,WJB,PPP
,214330086,WJB,PPP
,214330094,WJB,PPP
,214330102,WJB,PPP
,214330110,WJB,PPP
,214330128,WJB,PPP
,214330136,WJB,PPP
,214330144,WJB,PPP
,214330151,WJB,PPP
,214330169,WJB,PPP
,214330177,WJB,PPP
,214330185,WJB,PPP
,214330193,WJB,PPP
,214330201,WJB,PPP
,214330219,WJB,PPP
,214330227,WJB,PPP
,214330235,WJB,PPP
,214330243,WJB,PPP
,214330250,WJB,PPP
,214330268,WJB,PPP
,214330276,WJB,PPP
,214330284,WJB,PPP
,214330292,WJB,PPP
,214330300,WJB,PPP
,214330318,WJB,PPP
,214330326,WJB,PPP
,214330334,WJB,PPP
,214330342,WJB,PPP
,214330359,WJB,PPP
,214330367,WJB,PPP
,214330375,WJB,PPP
,214330383,WJB,PPP
,214330391,WJB,PPP
,214330409,WJB,PPP
,214330417,WJB,PPP
,214330425,WJB,PPP
,214330433,WJB,PPP
,214330441,WJB,PPP
,214330458,WJB,PPP
,214330466,WJB,PPP
,214330474,WJB,PPP
,214330482,WJB,PPP
,214330490,WJB,PPP
,214330508,WJB,PPP
,214330516,WJB,PPP
,214330524,WJB,PPP
,214330532,WJB,PPP
,214330540,WJB,PPP
,214330557,WJB,PPP
,214330565,WJB,PPP
,214330573,WJB,PPP
,214330581,WJB,PPP
,214330599,WJB,PPP
,214330607,WJB,PPP
,214330615,WJB,PPP
,214330623,WJB,PPP
,214330631,WJB,PPP
,214330649,WJB,PPP
,214330656,WJB,PPP
,214330664,WJB,PPP
,214330672,WJB,PPP
,214330680,WJB,PPP
,214330698,WJB,PPP
,214330706,WJB,PPP
,214330714,WJB,PPP
,214330722,WJB,PPP
,214330730,WJB,PPP
,214330748,WJB,PPP
,214330755,WJB,PPP
,214330763,WJB,PPP
,214330771,WJB,PPP
,214330789,WJB,PPP
,214330797,WJB,PPP
,214330805,WJB,PPP
,214330813,WJB,PPP
,214330821,WJB,PPP
,214330839,WJB,PPP
,214330847,WJB,PPP
,214330854,WJB,PPP
,214330862,WJB,PPP
,214330870,WJB,PPP
,214330888,WJB,PPP
,214330896,WJB,PPP
,214336018,WJB,PPP
,215306366,WJY,PPP
,215307075,WJY,PPP
,215310657,WJY,PPP
,215310665,WJY,PPP
,215310673,WJY,PPP
,215310681,WJY,PPP
,215310699,WJY,PPP
,215310707,WJY,PPP
,215310715,WJY,PPP
,215310723,WJY,PPP
,215310731,WJY,PPP
,215310749,WJY,PPP
,215310756,WJY,PPP
,215310764,WJY,PPP
,215310772,WJY,PPP
,215310780,WJY,PPP
,215310798,WJY,PPP
,215310806,WJY,PPP
,215310814,WJY,PPP
,215310822,WJY,PPP
,215310830,WJY,PPP
,215310848,WJY,PPP
,215310855,WJY,PPP
,215310863,WJY,PPP
,215310871,WJY,PPP
,215310889,WJY,PPP
,215310897,WJY,PPP
,215310905,WJY,PPP
,215310913,WJY,PPP
,215310921,WJY,PPP
,215310939,WJY,PPP
,215310947,WJY,PPP
,215310954,WJY,PPP
,215310962,WJY,PPP
,215310970,WJY,PPP
,215310988,WJY,PPP
,215310996,WJY,PPP
,215311002,WJY,PPP
,215311010,WJY,PPP
,215311028,WJY,PPP
,215311036,WJY,PPP
,215311044,WJY,PPP
,215311051,WJY,PPP
,215311069,WJY,PPP
,215311077,WJY,PPP
,215311085,WJY,PPP
,215311093,WJY,PPP
,215311101,WJY,PPP
,215311119,WJY,PPP
,215311127,WJY,PPP
,215311135,WJY,PPP
,215311143,WJY,PPP
,215311150,WJY,PPP
,215311168,WJY,PPP
,215311176,WJY,PPP
,215311184,WJY,PPP
,215311192,WJY,PPP
,215311200,WJY,PPP
,215311218,WJY,PPP
,215311226,WJY,PPP
,215311234,WJY,PPP
,215311242,WJY,PPP
,215311259,WJY,PPP
,215311267,WJY,PPP
,215311275,WJY,PPP
,215311283,WJY,PPP
,215311291,WJY,PPP
,215311309,WJY,PPP
,215311317,WJY,PPP
,215311325,WJY,PPP
,215311333,WJY,PPP
,215311341,WJY,PPP
,215311358,WJY,PPP
,215311366,WJY,PPP
,215311374,WJY,PPP
,215311382,WJY,PPP
,215311390,WJY,PPP
,215311408,WJY,PPP
,215311416,WJY,PPP
,215311424,WJY,PPP
,215311432,WJY,PPP
,215311440,WJY,PPP
,215311457,WJY,PPP
,215311465,WJY,PPP
,215311473,WJY,PPP
,215311481,WJY,PPP
,215311499,WJY,PPP
,215311507,WJY,PPP
,215311515,WJY,PPP
,215311523,WJY,PPP
,215311531,WJY,PPP
,215311549,WJY,PPP
,215311556,WJY,PPP
,215311564,WJY,PPP
,215311572,WJY,PPP
,215311580,WJY,PPP
,215311598,WJY,PPP
,215311606,WJY,PPP
,215311614,WJY,PPP
,215311622,WJY,PPP
,215311630,WJY,PPP
,215311648,WJY,PPP
,215311655,WJY,PPP
,215311663,WJY,PPP
,215311671,WJY,PPP
,215311689,WJY,PPP
,215311697,WJY,PPP
,215311705,WJY,PPP
,215311713,WJY,PPP
,215311721,WJY,PPP
,215311739,WJY,PPP
,215311747,WJY,PPP
,215311754,WJY,PPP
,215311762,WJY,PPP
,215311770,WJY,PPP
,215311788,WJY,PPP
,215311796,WJY,PPP
,215311804,WJY,PPP
,215311812,WJY,PPP
,215311820,WJY,PPP
,215311838,WJY,PPP
,215311846,WJY,PPP
,215311853,WJY,PPP
,215311861,WJY,PPP
,215311879,WJY,PPP
,215311887,WJY,PPP
,215311895,WJY,PPP
,215311903,WJY,PPP
,215311911,WJY,PPP
,215311929,WJY,PPP
,215311937,WJY,PPP
,215311945,WJY,PPP
,215311952,WJY,PPP
,215311960,WJY,PPP
,215311978,WJY,PPP
,215311986,WJY,PPP
,215311994,WJY,PPP
,215312000,WJY,PPP
,215312018,WJY,PPP
,215312026,WJY,PPP
,215312034,WJY,PPP
,215312042,WJY,PPP
,215312059,WJY,PPP
,215312067,WJY,PPP
,215312075,WJY,PPP
,215312083,WJY,PPP
,215312091,WJY,PPP
,215312109,WJY,PPP
,215312117,WJY,PPP
,215312125,WJY,PPP
,215312133,WJY,PPP
,215312141,WJY,PPP
,215312158,WJY,PPP
,215312166,WJY,PPP
,215312174,WJY,PPP
,215312182,WJY,PPP
,215312190,WJY,PPP
,215312208,WJY,PPP
,215312216,WJY,PPP
,215312224,WJY,PPP
,215312232,WJY,PPP
,215312240,WJY,PPP
,215312257,WJY,PPP
,215312265,WJY,PPP
,215312273,WJY,PPP
,215312281,WJY,PPP
,215312299,WJY,PPP
,215312307,WJY,PPP
,215312315,WJY,PPP
,215312323,WJY,PPP
,215312331,WJY,PPP
,215312349,WJY,PPP
,215312356,WJY,PPP
,215312364,WJY,PPP
,215312372,WJY,PPP
,215312380,WJY,PPP
,215312398,WJY,PPP
,215312406,WJY,PPP
,215312414,WJY,PPP
,215312422,WJY,PPP
,215312430,WJY,PPP
,215312448,WJY,PPP
,215312455,WJY,PPP
,215312463,WJY,PPP
,215312471,WJY,PPP
,215312489,WJY,PPP
,215312497,WJY,PPP
,215312505,WJY,PPP
,215312513,WJY,PPP
,215312521,WJY,PPP
,215312539,WJY,PPP
,215312547,WJY,PPP
,215312554,WJY,PPP
,215312562,WJY,PPP
,215312570,WJY,PPP
,215312588,WJY,PPP
,215312596,WJY,PPP
,215312604,WJY,PPP
,215312612,WJY,PPP
,215312620,WJY,PPP
,215312638,WJY,PPP
,215312646,WJY,PPP
,215312653,WJY,PPP
,215312661,WJY,PPP
,215312679,WJY,PPP
,215312687,WJY,PPP
,215312695,WJY,PPP
,215312703,WJY,PPP
,215312711,WJY,PPP
,215312729,WJY,PPP
,215312737,WJY,PPP
,215312745,WJY,PPP
,215312752,WJY,PPP
,215312760,WJY,PPP
,215312778,WJY,PPP
,215312786,WJY,PPP
,215312794,WJY,PPP
,215312802,WJY,PPP
,215312810,WJY,PPP
,215312828,WJY,PPP
,215312836,WJY,PPP
,215312844,WJY,PPP
,215312851,WJY,PPP
,215312869,WJY,PPP
,215312877,WJY,PPP
,215312885,WJY,PPP
,215312893,WJY,PPP
,215312901,WJY,PPP
,215312919,WJY,PPP
,215312927,WJY,PPP
,215312935,WJY,PPP
,215312943,WJY,PPP
,215312950,WJY,PPP
,215312968,WJY,PPP
,215312976,WJY,PPP
,215312984,WJY,PPP
,215312992,WJY,PPP
,215313008,WJY,PPP
,215313016,WJY,PPP
,215313024,WJY,PPP
,215313032,WJY,PPP
,215313040,WJY,PPP
,215313057,WJY,PPP
,215313065,WJY,PPP
,215313073,WJY,PPP
,215313081,WJY,PPP
,215313099,WJY,PPP
,215313107,WJY,PPP
,215313115,WJY,PPP
,215313123,WJY,PPP
,215313131,WJY,PPP
,215313149,WJY,PPP
,215313156,WJY,PPP
,215313164,WJY,PPP
,215313172,WJY,PPP
,215313180,WJY,PPP
,215313198,WJY,PPP
,215313206,WJY,PPP
,215313214,WJY,PPP
,215313222,WJY,PPP
,215313230,WJY,PPP
,215313248,WJY,PPP
,215313255,WJY,PPP
,215313263,WJY,PPP
,215313271,WJY,PPP
,215313289,WJY,PPP
,215313297,WJY,PPP
,215313305,WJY,PPP
,215313313,WJY,PPP
,215313321,WJY,PPP
,215313339,WJY,PPP
,215313347,WJY,PPP
,215313354,WJY,PPP
,215313362,WJY,PPP
,215313370,WJY,PPP
,215313388,WJY,PPP
,215313396,WJY,PPP
,215313404,WJY,PPP
,215313412,WJY,PPP
,215313420,WJY,PPP
,215313438,WJY,PPP
,215313446,WJY,PPP
,215313453,WJY,PPP
,215313461,WJY,PPP
,215313479,WJY,PPP
,215313487,WJY,PPP
,215313495,WJY,PPP
,215313503,WJY,PPP
,215313511,WJY,PPP
,215313529,WJY,PPP
,215313537,WJY,PPP
,215313545,WJY,PPP
,215313552,WJY,PPP
,215313560,WJY,PPP
,215313578,WJY,PPP
,215313586,WJY,PPP
,215313594,WJY,PPP
,215313602,WJY,PPP
,215313610,WJY,PPP
,215313628,WJY,PPP
,215313636,WJY,PPP
,215313644,WJY,PPP
,217154327,WYK,PPP
,217154335,WYK,PPP
,217154343,WYK,PPP
,217154350,WYK,PPP
,217154368,WYK,PPP
,217154376,WYK,PPP
,217154384,WYK,PPP
,217154392,WYK,PPP
,217154400,WYK,PPP
,217154418,WYK,PPP
,217154426,WYK,PPP
,217154434,WYK,PPP
,217154442,WYK,PPP
,217154459,WYK,PPP
,217154467,WYK,PPP
,217154475,WYK,PPP
,217154483,WYK,PPP
,217154491,WYK,PPP
,217154509,WYK,PPP
,217154517,WYK,PPP
,217154525,WYK,PPP
,217154533,WYK,PPP
,217154541,WYK,PPP
,217154558,WYK,PPP
,217154566,WYK,PPP
,217154574,WYK,PPP
,217154582,WYK,PPP
,217154590,WYK,PPP
,217154608,WYK,PPP
,217154616,WYK,PPP
,217154624,WYK,PPP
,217154632,WYK,PPP
,217154640,WYK,PPP
,217154657,WYK,PPP
,217154665,WYK,PPP
,217154673,WYK,PPP
,217154681,WYK,PPP
,217154699,WYK,PPP
,217154707,WYK,PPP
,217154715,WYK,PPP
,217154723,WYK,PPP
,217154731,WYK,PPP
,217154749,WYK,PPP
,217154756,WYK,PPP
,217154764,WYK,PPP
,217154772,WYK,PPP
,217154780,WYK,PPP
,217154798,WYK,PPP
,217154806,WYK,PPP
,217154814,WYK,PPP
,218108249,WMA,PPP
,218131191,WMA,PPP
,218131241,WMA,PPP
,218131290,WMA,PPP
,218131340,WMA,PPP
,218131399,WMA,PPP
,218131449,WMA,PPP
,218131498,WMA,PPP
,218131548,WMA,PPP
,218131597,WMA,PPP
,218131647,WMA,PPP
,218131696,WMA,PPP
,218131746,WMA,PPP
,218131795,WMA,PPP
,218131845,WMA,PPP
,218131894,WMA,PPP
,218131944,WMA,PPP
,218131993,WMA,PPP
,218132041,WMA,PPP
,218132090,WMA,PPP
,218132140,WMA,PPP
,218132199,WMA,PPP
,218132249,WMA,PPP
,218132298,WMA,PPP
,218132348,WMA,PPP
,218132397,WMA,PPP
,218132447,WMA,PPP
,218132496,WMA,PPP
,218132546,WMA,PPP
,218132595,WMA,PPP
,218132645,WMA,PPP
,218132694,WMA,PPP
,218132744,WMA,PPP
,218132793,WMA,PPP
,218132843,WMA,PPP
,218132892,WMA,PPP
,218132942,WMA,PPP
,218132991,WMA,PPP
,218133049,WMA,PPP
,218133098,WMA,PPP
,218133148,WMA,PPP
,218133197,WMA,PPP
,218133247,WMA,PPP
,218133296,WMA,PPP
,218133346,WMA,PPP
,218133395,WMA,PPP
,218133445,WMA,PPP
,218133494,WMA,PPP
,218133544,WMA,PPP
,218133593,WMA,PPP
,218133643,WMA,PPP
,210285524,WJS,PPP
,216076653,WPU,PPP
,216076828,WPU,PPP
,216076927,WPU,PPP
,216076935,WPU,PPP
,216076943,WPU,PPP
,216076950,WPU,PPP
,216076968,WPU,PPP
,216077040,WPU,PPP
,216077057,WPU,PPP
,216077065,WPU,PPP
,216077073,WPU,PPP
,216077081,WPU,PPP